"name","impl","pattern","refreshOrder","args","status","exitCode","wallSeconds","reportedSeconds","violations","sampledRounds","slotReuse","stdout","stderr"
"sensitivity-baseline-bare","baseline","bare","","--impl baseline --pattern bare --quarantine --rounds 3000000 --deref 20000 --pairs 1 --reader-core 2 --reclaimer-core 0 --disturber-cores 4,6,8,10 --reclaimer-delay 0","CRASHED_NONZERO","1","8.469","8.4","13","","","Q:\src\lightepoch-tla\artifacts\x86-local-20260728\sensitivity-baseline-bare.out.txt","Q:\src\lightepoch-tla\artifacts\x86-local-20260728\sensitivity-baseline-bare.err.txt"
"sensitivity-baseline-resume-and-refresh","baseline","resume-and-refresh","","--impl baseline --pattern resume-and-refresh --quarantine --rounds 3000000 --deref 20000 --pairs 1 --reader-core 2 --reclaimer-core 0 --disturber-cores 4,6,8,10 --reclaimer-delay 0","CRASHED_NONZERO","1","7.864","7.8","5","","","Q:\src\lightepoch-tla\artifacts\x86-local-20260728\sensitivity-baseline-resume-and-refresh.out.txt","Q:\src\lightepoch-tla\artifacts\x86-local-20260728\sensitivity-baseline-resume-and-refresh.err.txt"
"quarantine-baseline-bare","baseline","bare","","--impl baseline --pattern bare --quarantine --rounds 1000000 --deref 20000 --pairs 1 --reader-core 2 --reclaimer-core 0 --disturber-cores 4,6,8,10 --reclaimer-delay 0","SURVIVED_EXIT0","0","3.031","2.9","","128,402","","Q:\src\lightepoch-tla\artifacts\x86-local-20260728\quarantine-baseline-bare.out.txt","Q:\src\lightepoch-tla\artifacts\x86-local-20260728\quarantine-baseline-bare.err.txt"
"quarantine-fullbarrier-bare","fullbarrier","bare","","--impl fullbarrier --pattern bare --quarantine --rounds 1000000 --deref 20000 --pairs 1 --reader-core 2 --reclaimer-core 0 --disturber-cores 4,6,8,10 --reclaimer-delay 0","SURVIVED_EXIT0","0","2.82","2.7","","95,607","","Q:\src\lightepoch-tla\artifacts\x86-local-20260728\quarantine-fullbarrier-bare.out.txt","Q:\src\lightepoch-tla\artifacts\x86-local-20260728\quarantine-fullbarrier-bare.err.txt"
"quarantine-casannounce-plain-bare","casannounce","bare","","--impl casannounce --pattern bare --quarantine --rounds 1000000 --deref 20000 --pairs 1 --reader-core 2 --reclaimer-core 0 --disturber-cores 4,6,8,10 --reclaimer-delay 0","SURVIVED_EXIT0","0","3.291","3.2","","136,253","","Q:\src\lightepoch-tla\artifacts\x86-local-20260728\quarantine-casannounce-plain-bare.out.txt","Q:\src\lightepoch-tla\artifacts\x86-local-20260728\quarantine-casannounce-plain-bare.err.txt"
"quarantine-casannounce-release-bare","casannounce","bare","release","--impl casannounce --pattern bare --quarantine --rounds 1000000 --deref 20000 --pairs 1 --reader-core 2 --reclaimer-core 0 --disturber-cores 4,6,8,10 --reclaimer-delay 0","SURVIVED_EXIT0","0","3.187","3.1","","135,026","","Q:\src\lightepoch-tla\artifacts\x86-local-20260728\quarantine-casannounce-release-bare.out.txt","Q:\src\lightepoch-tla\artifacts\x86-local-20260728\quarantine-casannounce-release-bare.err.txt"
"quarantine-casannounce-fence-bare","casannounce","bare","fence","--impl casannounce --pattern bare --quarantine --rounds 1000000 --deref 20000 --pairs 1 --reader-core 2 --reclaimer-core 0 --disturber-cores 4,6,8,10 --reclaimer-delay 0","SURVIVED_EXIT0","0","2.768","2.7","","88,258","","Q:\src\lightepoch-tla\artifacts\x86-local-20260728\quarantine-casannounce-fence-bare.out.txt","Q:\src\lightepoch-tla\artifacts\x86-local-20260728\quarantine-casannounce-fence-bare.err.txt"
"quarantine-casannounce-acqload-bare","casannounce","bare","acqload","--impl casannounce --pattern bare --quarantine --rounds 1000000 --deref 20000 --pairs 1 --reader-core 2 --reclaimer-core 0 --disturber-cores 4,6,8,10 --reclaimer-delay 0","SURVIVED_EXIT0","0","3.592","3.5","","157,325","","Q:\src\lightepoch-tla\artifacts\x86-local-20260728\quarantine-casannounce-acqload-bare.out.txt","Q:\src\lightepoch-tla\artifacts\x86-local-20260728\quarantine-casannounce-acqload-bare.err.txt"
"quarantine-baseline-resume-and-refresh","baseline","resume-and-refresh","","--impl baseline --pattern resume-and-refresh --quarantine --rounds 1000000 --deref 20000 --pairs 1 --reader-core 2 --reclaimer-core 0 --disturber-cores 4,6,8,10 --reclaimer-delay 0","CRASHED_NONZERO","1","1.507","1.4","2","","","Q:\src\lightepoch-tla\artifacts\x86-local-20260728\quarantine-baseline-resume-and-refresh.out.txt","Q:\src\lightepoch-tla\artifacts\x86-local-20260728\quarantine-baseline-resume-and-refresh.err.txt"
"quarantine-fullbarrier-resume-and-refresh","fullbarrier","resume-and-refresh","","--impl fullbarrier --pattern resume-and-refresh --quarantine --rounds 1000000 --deref 20000 --pairs 1 --reader-core 2 --reclaimer-core 0 --disturber-cores 4,6,8,10 --reclaimer-delay 0","SURVIVED_EXIT0","0","1.813","1.7","","12,207","","Q:\src\lightepoch-tla\artifacts\x86-local-20260728\quarantine-fullbarrier-resume-and-refresh.out.txt","Q:\src\lightepoch-tla\artifacts\x86-local-20260728\quarantine-fullbarrier-resume-and-refresh.err.txt"
"quarantine-casannounce-plain-resume-and-refresh","casannounce","resume-and-refresh","","--impl casannounce --pattern resume-and-refresh --quarantine --rounds 1000000 --deref 20000 --pairs 1 --reader-core 2 --reclaimer-core 0 --disturber-cores 4,6,8,10 --reclaimer-delay 0","SURVIVED_EXIT0","0","2.599","2.5","","93,749","","Q:\src\lightepoch-tla\artifacts\x86-local-20260728\quarantine-casannounce-plain-resume-and-refresh.out.txt","Q:\src\lightepoch-tla\artifacts\x86-local-20260728\quarantine-casannounce-plain-resume-and-refresh.err.txt"
"quarantine-casannounce-release-resume-and-refresh","casannounce","resume-and-refresh","release","--impl casannounce --pattern resume-and-refresh --quarantine --rounds 1000000 --deref 20000 --pairs 1 --reader-core 2 --reclaimer-core 0 --disturber-cores 4,6,8,10 --reclaimer-delay 0","SURVIVED_EXIT0","0","2.627","2.5","","96,955","","Q:\src\lightepoch-tla\artifacts\x86-local-20260728\quarantine-casannounce-release-resume-and-refresh.out.txt","Q:\src\lightepoch-tla\artifacts\x86-local-20260728\quarantine-casannounce-release-resume-and-refresh.err.txt"
"quarantine-casannounce-fence-resume-and-refresh","casannounce","resume-and-refresh","fence","--impl casannounce --pattern resume-and-refresh --quarantine --rounds 1000000 --deref 20000 --pairs 1 --reader-core 2 --reclaimer-core 0 --disturber-cores 4,6,8,10 --reclaimer-delay 0","SURVIVED_EXIT0","0","1.635","1.5","","15,033","","Q:\src\lightepoch-tla\artifacts\x86-local-20260728\quarantine-casannounce-fence-resume-and-refresh.out.txt","Q:\src\lightepoch-tla\artifacts\x86-local-20260728\quarantine-casannounce-fence-resume-and-refresh.err.txt"
"quarantine-casannounce-acqload-resume-and-refresh","casannounce","resume-and-refresh","acqload","--impl casannounce --pattern resume-and-refresh --quarantine --rounds 1000000 --deref 20000 --pairs 1 --reader-core 2 --reclaimer-core 0 --disturber-cores 4,6,8,10 --reclaimer-delay 0","SURVIVED_EXIT0","0","1.778","1.7","","36,865","","Q:\src\lightepoch-tla\artifacts\x86-local-20260728\quarantine-casannounce-acqload-resume-and-refresh.out.txt","Q:\src\lightepoch-tla\artifacts\x86-local-20260728\quarantine-casannounce-acqload-resume-and-refresh.err.txt"
"shared-baseline-bare","baseline","bare","","--impl baseline --pattern bare --rounds 500000 --deref 5000 --readers 8 --slot-space 2 --reclaimer-delay 0","SURVIVED_EXIT0","0","5.001","4.9","","","8/8 slots held by >1 thread, max 8 distinct threads on one slot","Q:\src\lightepoch-tla\artifacts\x86-local-20260728\shared-baseline-bare.out.txt","Q:\src\lightepoch-tla\artifacts\x86-local-20260728\shared-baseline-bare.err.txt"
"shared-fullbarrier-bare","fullbarrier","bare","","--impl fullbarrier --pattern bare --rounds 500000 --deref 5000 --readers 8 --slot-space 2 --reclaimer-delay 0","SURVIVED_EXIT0","0","5.482","5.4","","","8/8 slots held by >1 thread, max 8 distinct threads on one slot","Q:\src\lightepoch-tla\artifacts\x86-local-20260728\shared-fullbarrier-bare.out.txt","Q:\src\lightepoch-tla\artifacts\x86-local-20260728\shared-fullbarrier-bare.err.txt"
"shared-casannounce-plain-bare","casannounce","bare","","--impl casannounce --pattern bare --rounds 500000 --deref 5000 --readers 8 --slot-space 2 --reclaimer-delay 0","SURVIVED_EXIT0","0","4.548","4.4","","","8/8 slots held by >1 thread, max 8 distinct threads on one slot","Q:\src\lightepoch-tla\artifacts\x86-local-20260728\shared-casannounce-plain-bare.out.txt","Q:\src\lightepoch-tla\artifacts\x86-local-20260728\shared-casannounce-plain-bare.err.txt"
"shared-casannounce-release-bare","casannounce","bare","release","--impl casannounce --pattern bare --rounds 500000 --deref 5000 --readers 8 --slot-space 2 --reclaimer-delay 0","SURVIVED_EXIT0","0","3.91","3.8","","","8/8 slots held by >1 thread, max 8 distinct threads on one slot","Q:\src\lightepoch-tla\artifacts\x86-local-20260728\shared-casannounce-release-bare.out.txt","Q:\src\lightepoch-tla\artifacts\x86-local-20260728\shared-casannounce-release-bare.err.txt"
"shared-casannounce-fence-bare","casannounce","bare","fence","--impl casannounce --pattern bare --rounds 500000 --deref 5000 --readers 8 --slot-space 2 --reclaimer-delay 0","SURVIVED_EXIT0","0","4.437","4.3","","","8/8 slots held by >1 thread, max 8 distinct threads on one slot","Q:\src\lightepoch-tla\artifacts\x86-local-20260728\shared-casannounce-fence-bare.out.txt","Q:\src\lightepoch-tla\artifacts\x86-local-20260728\shared-casannounce-fence-bare.err.txt"
"shared-casannounce-acqload-bare","casannounce","bare","acqload","--impl casannounce --pattern bare --rounds 500000 --deref 5000 --readers 8 --slot-space 2 --reclaimer-delay 0","SURVIVED_EXIT0","0","4.119","4.0","","","8/8 slots held by >1 thread, max 8 distinct threads on one slot","Q:\src\lightepoch-tla\artifacts\x86-local-20260728\shared-casannounce-acqload-bare.out.txt","Q:\src\lightepoch-tla\artifacts\x86-local-20260728\shared-casannounce-acqload-bare.err.txt"
"shared-baseline-resume-and-refresh","baseline","resume-and-refresh","","--impl baseline --pattern resume-and-refresh --rounds 500000 --deref 5000 --readers 8 --slot-space 2 --reclaimer-delay 0","SURVIVED_EXIT0","0","4.116","4.0","","","8/8 slots held by >1 thread, max 8 distinct threads on one slot","Q:\src\lightepoch-tla\artifacts\x86-local-20260728\shared-baseline-resume-and-refresh.out.txt","Q:\src\lightepoch-tla\artifacts\x86-local-20260728\shared-baseline-resume-and-refresh.err.txt"
"shared-fullbarrier-resume-and-refresh","fullbarrier","resume-and-refresh","","--impl fullbarrier --pattern resume-and-refresh --rounds 500000 --deref 5000 --readers 8 --slot-space 2 --reclaimer-delay 0","SURVIVED_EXIT0","0","4.86","4.8","","","8/8 slots held by >1 thread, max 8 distinct threads on one slot","Q:\src\lightepoch-tla\artifacts\x86-local-20260728\shared-fullbarrier-resume-and-refresh.out.txt","Q:\src\lightepoch-tla\artifacts\x86-local-20260728\shared-fullbarrier-resume-and-refresh.err.txt"
"shared-casannounce-plain-resume-and-refresh","casannounce","resume-and-refresh","","--impl casannounce --pattern resume-and-refresh --rounds 500000 --deref 5000 --readers 8 --slot-space 2 --reclaimer-delay 0","SURVIVED_EXIT0","0","3.902","3.8","","","8/8 slots held by >1 thread, max 8 distinct threads on one slot","Q:\src\lightepoch-tla\artifacts\x86-local-20260728\shared-casannounce-plain-resume-and-refresh.out.txt","Q:\src\lightepoch-tla\artifacts\x86-local-20260728\shared-casannounce-plain-resume-and-refresh.err.txt"
"shared-casannounce-release-resume-and-refresh","casannounce","resume-and-refresh","release","--impl casannounce --pattern resume-and-refresh --rounds 500000 --deref 5000 --readers 8 --slot-space 2 --reclaimer-delay 0","SURVIVED_EXIT0","0","3.831","3.7","","","8/8 slots held by >1 thread, max 8 distinct threads on one slot","Q:\src\lightepoch-tla\artifacts\x86-local-20260728\shared-casannounce-release-resume-and-refresh.out.txt","Q:\src\lightepoch-tla\artifacts\x86-local-20260728\shared-casannounce-release-resume-and-refresh.err.txt"
"shared-casannounce-fence-resume-and-refresh","casannounce","resume-and-refresh","fence","--impl casannounce --pattern resume-and-refresh --rounds 500000 --deref 5000 --readers 8 --slot-space 2 --reclaimer-delay 0","SURVIVED_EXIT0","0","4.35","4.3","","","8/8 slots held by >1 thread, max 8 distinct threads on one slot","Q:\src\lightepoch-tla\artifacts\x86-local-20260728\shared-casannounce-fence-resume-and-refresh.out.txt","Q:\src\lightepoch-tla\artifacts\x86-local-20260728\shared-casannounce-fence-resume-and-refresh.err.txt"
"shared-casannounce-acqload-resume-and-refresh","casannounce","resume-and-refresh","acqload","--impl casannounce --pattern resume-and-refresh --rounds 500000 --deref 5000 --readers 8 --slot-space 2 --reclaimer-delay 0","SURVIVED_EXIT0","0","4.569","4.5","","","8/8 slots held by >1 thread, max 8 distinct threads on one slot","Q:\src\lightepoch-tla\artifacts\x86-local-20260728\shared-casannounce-acqload-resume-and-refresh.out.txt","Q:\src\lightepoch-tla\artifacts\x86-local-20260728\shared-casannounce-acqload-resume-and-refresh.err.txt"
